{
  "results": [
    {
      "command": "v2.2.32 (current release)",
      "mean": 5.091881857480001,
      "stddev": 0.2523785252072535,
      "median": 5.14279582278,
      "user": 4.7145329600000005,
      "system": 0.25725729999999997,
      "min": 4.73585328528,
      "max": 5.549389290280001,
      "times": [
        4.8536761012800005,
        4.79766325928,
        4.73585328528,
        5.16829876328,
        5.549389290280001,
        5.33462143928,
        5.14865542428,
        4.98774428128,
        5.13693622128,
        5.205980509280001
      ],
      "exit_codes": [
        0,
        0,
        0,
        0,
        0,
        0,
        0,
        0,
        0,
        0
      ]
    },
    {
      "command": "v2.1.55 (before array2/mlir/when)",
      "mean": 17.91618922994,
      "stddev": 0.2824255894671554,
      "median": 17.910460517239997,
      "user": 16.689407979999995,
      "system": 0.4083696,
      "min": 17.59731969724,
      "max": 18.38380100624,
      "times": [
        18.38380100624,
        17.62261105824,
        17.96299687624,
        18.13876962524,
        17.85792415824,
        17.61102462124,
        17.73923399824,
        17.59731969724,
        17.97356266224,
        18.27464859624
      ],
      "exit_codes": [
        0,
        0,
        0,
        0,
        0,
        0,
        0,
        0,
        0,
        0
      ]
    }
  ]
}
