{
  "results": [
    {
      "command": "python bench.py",
      "mean": 5.091881857480001,
      "stddev": 0.2523785252072535,
      "median": 5.14279582278,
      "user": 4.7145329600000005,
      "system": 0.25725729999999997,
      "min": 4.73585328528,
      "max": 5.549389290280001,
      "times": [
        4.8536761012800005,
        4.79766325928,
        4.73585328528,
        5.16829876328,
        5.549389290280001,
        5.33462143928,
        5.14865542428,
        4.98774428128,
        5.13693622128,
        5.205980509280001
      ],
      "exit_codes": [
        0,
        0,
        0,
        0,
        0,
        0,
        0,
        0,
        0,
        0
      ]
    }
  ]
}
