{
  "results": [
    {
      "command": "python bench.py",
      "mean": 17.91618922994,
      "stddev": 0.2824255894671554,
      "median": 17.910460517239997,
      "user": 16.689407979999995,
      "system": 0.4083696,
      "min": 17.59731969724,
      "max": 18.38380100624,
      "times": [
        18.38380100624,
        17.62261105824,
        17.96299687624,
        18.13876962524,
        17.85792415824,
        17.61102462124,
        17.73923399824,
        17.59731969724,
        17.97356266224,
        18.27464859624
      ],
      "exit_codes": [
        0,
        0,
        0,
        0,
        0,
        0,
        0,
        0,
        0,
        0
      ]
    }
  ]
}
